{"RuleTriggered": 1, "Violations": 1, "Details": {"pin_memory": false, "num_workers": 4, "cores": 16, "dataloaders": 4, "dataloading_time": {"p25": 8.178653, "p50": 8.447763, "p95": 130.9341226, "probs": [1, 0, 0, 0, 0, 0, 24, 0, 0, 0, 0, 0, 0, 0, 0, 0, 0, 0, 0, 0, 0, 0, 0, 0, 0, 0, 0, 0, 0, 0, 0, 0, 0, 0, 0, 0, 0, 0, 0, 0, 0, 0, 0, 0, 0, 0, 0, 0, 0, 0, 0, 0, 0, 0, 0, 0, 0, 0, 0, 0, 0, 0, 0, 0, 0, 0, 0, 0, 0, 0, 0, 0, 0, 0, 0, 0, 0, 0, 0, 0, 0, 0, 0, 0, 4, 9, 3, 0, 0, 0, 0, 0, 0, 0, 0, 0, 0, 0, 0, 4], "binedges": [7.1e-05, 1.30948249, 2.61889398, 3.92830547, 5.23771696, 6.547128450000001, 7.85653994, 9.16595143, 10.47536292, 11.78477441, 13.094185900000001, 14.40359739, 15.71300888, 17.02242037, 18.331831859999998, 19.64124335, 20.95065484, 22.260066329999997, 23.56947782, 24.878889309999998, 26.1883008, 27.49771229, 28.807123779999998, 30.11653527, 31.42594676, 32.73535825, 34.04476974, 35.35418123, 36.66359272, 37.97300421, 39.2824157, 40.59182719, 41.90123868, 43.21065017, 44.520061659999996, 45.82947315, 47.13888464, 48.448296129999996, 49.75770762, 51.06711911, 52.3765306, 53.68594209, 54.99535358, 56.30476507, 57.61417656, 58.92358805, 60.23299954, 61.54241103, 62.85182252, 64.16123401, 65.4706455, 66.78005699, 68.08946848000001, 69.39887997000001, 70.70829146000001, 72.01770295, 73.32711444, 74.63652593, 75.94593742, 77.25534891000001, 78.56476040000001, 79.87417189, 81.18358338, 82.49299487, 83.80240636, 85.11181785000001, 86.42122934000001, 87.73064083000001, 89.04005232, 90.34946381, 91.6588753, 92.96828679000001, 94.27769828000001, 95.58710977000001, 96.89652126, 98.20593275, 99.51534424, 100.82475573, 102.13416722000001, 103.44357871000001, 104.75299020000001, 106.06240169, 107.37181318, 108.68122467, 109.99063616000001, 111.30004765000001, 112.60945914000001, 113.91887063, 115.22828212, 116.53769361, 117.84710510000001, 119.15651659000001, 120.46592808000001, 121.77533957, 123.08475106, 124.39416255, 125.70357404, 127.01298553000001, 128.32239701999998, 129.63180850999998, 130.94122]}}, "Datapoints": 45, "RuleParameters": "min_threshold:70\nmax_threshold:200"}