{"RuleTriggered": 0, "Violations": 0, "Details": {"step_num": {"first": 1658391576990153, "last": 1658392199264463}, "job_start": 1658391458.500571, "job_end": 1658392199.500661}, "Datapoints": 1187, "RuleParameters": "threshold:20"}