{"RuleTriggered": 0, "Violations": 0, "Details": {"ratio": {"cpu_functions": 100.0}, "phase": {"Step:ModeKeys.TRAIN": 55.02834263538592, "others": 36.19996386104688, "Step:ModeKeys.EVAL": 8.771693503567208}, "phase_time": {}, "CPU": {"aten::conv2d": 7.414566946629337, "aten::convolution": 7.406896011748697, "aten::_convolution": 7.397902501888637, "aten::mkldnn_convolution": 7.378645810188271, "aten::max_pool2d": 4.031314343272748, "aten::max_pool2d_with_indices": 4.030150477290858, "ReluBackward1": 2.4739029505060697, "aten::threshold_backward": 2.4606772007118627, "MkldnnConvolutionBackward": 17.63156446865285, "aten::mkldnn_convolution_backward": 17.612413582950843, "aten::mkldnn_convolution_backward_input": 7.176397644335253, "aten::mkldnn_convolution_backward_weights": 10.407395416060924, "MaxPool2DWithIndicesBackward": 2.2902237373641188, "aten::max_pool2d_with_indices_backward": 2.2879489083995144}, "CPU_total": {"aten::conv2d": 140154, "aten::convolution": 140009, "aten::_convolution": 139839, "aten::mkldnn_convolution": 139475, "aten::max_pool2d": 76202, "aten::max_pool2d_with_indices": 76180, "ReluBackward1": 46763, "aten::threshold_backward": 46513, "MkldnnConvolutionBackward": 333281, "aten::mkldnn_convolution_backward": 332919, "aten::mkldnn_convolution_backward_input": 135652, "aten::mkldnn_convolution_backward_weights": 196726, "MaxPool2DWithIndicesBackward": 43291, "aten::max_pool2d_with_indices_backward": 43248}, "general": {"DataLoaderIterInitialize": 0.039298538788242965, "Forward": 10.373224892337124, "DataLoaderIter": 2.5337066010357957e-06, "DataLoaderWorker": 89.58747403516803}}, "Datapoints": 0, "RuleParameters": ""}