{"RuleTriggered": 0, "Violations": 0, "Details": {"step_details": {"algo-1-33": {"step_stats": {"mean": 0.2917226496350365, "max": 1.572542, "p99": 0.8700695199999999, "p95": 0.6394455999999981, "p50": 0.259194, "min": 0.061661}, "number_of_outliers": 5, "phase": "Step:ModeKeys.EVAL", "stddev": 0.18, "probs": [5, 0, 0, 0, 0, 0, 0, 0, 0, 0, 0, 0, 0, 0, 0, 0, 2, 1, 3, 3, 3, 1, 2, 3, 11, 22, 13, 23, 20, 7, 2, 3, 0, 0, 0, 1, 0, 0, 0, 0, 0, 0, 0, 0, 0, 0, 0, 0, 1, 0, 0, 0, 0, 0, 0, 0, 0, 0, 0, 0, 0, 0, 0, 0, 0, 0, 0, 3, 0, 0, 0, 0, 0, 0, 1, 0, 0, 0, 0, 0, 0, 0, 0, 0, 0, 0, 0, 0, 0, 0, 0, 0, 0, 0, 0, 0, 0, 1, 0, 1], "binedges": [0.061661, 0.06898823, 0.07631546, 0.08364269, 0.09096992000000001, 0.09829715, 0.10562438, 0.11295161000000001, 0.12027884, 0.12760607000000002, 0.1349333, 0.14226053, 0.14958776000000001, 0.15691499, 0.16424222, 0.17156945, 0.17889668, 0.18622391000000002, 0.19355114, 0.20087837, 0.20820560000000002, 0.21553283, 0.22286006, 0.23018729000000002, 0.23751452, 0.24484175, 0.25216898000000004, 0.25949621, 0.26682344, 0.27415067000000004, 0.2814779, 0.28880513, 0.29613236000000004, 0.30345959, 0.31078682, 0.31811405000000004, 0.32544128000000005, 0.33276851, 0.34009574000000004, 0.34742297000000005, 0.35475020000000007, 0.36207743000000003, 0.36940466000000005, 0.37673189000000007, 0.38405912000000003, 0.39138635000000005, 0.39871358000000007, 0.40604081000000003, 0.41336804000000005, 0.42069527000000007, 0.42802250000000003, 0.43534973000000005, 0.44267696000000006, 0.45000419, 0.45733142000000004, 0.46465865000000006, 0.47198588, 0.47931311000000004, 0.48664034000000006, 0.4939675700000001, 0.5012948, 0.5086220300000001, 0.5159492600000001, 0.52327649, 0.53060372, 0.53793095, 0.54525818, 0.55258541, 0.5599126400000001, 0.56723987, 0.5745671, 0.58189433, 0.58922156, 0.59654879, 0.60387602, 0.61120325, 0.61853048, 0.62585771, 0.63318494, 0.64051217, 0.6478394000000001, 0.65516663, 0.66249386, 0.66982109, 0.67714832, 0.68447555, 0.6918027800000001, 0.69913001, 0.70645724, 0.71378447, 0.7211117, 0.72843893, 0.7357661600000001, 0.74309339, 0.75042062, 0.75774785, 0.76507508, 0.77240231, 0.77972954, 0.7870567700000001, 0.794384], "step_numbers": ["27", "54", "81", "108", "135"]}}}, "Datapoints": 1187, "RuleParameters": "threshold:3\nmode:None\nn_outliers:10\nstddev:3"}