{"mean": {"train": [0.4849703311920166, 0.4542146325111389, 0.3907787501811981], "valid": [0.47780725359916687, 0.4509781301021576, 0.38741418719291687], "test": [0.4849252998828888, 0.45060989260673523, 0.3871392011642456]}, "std": {"train": [0.23013180494308472, 0.22563056647777557, 0.2250407487154007], "valid": [0.22859683632850647, 0.2253820300102234, 0.22569558024406433], "test": [0.2284841686487198, 0.22324755787849426, 0.22187553346157074]}}